{"DSC00025.JPG": 0.8807772397994995, "DSC00031.JPG": 0.8304284512996674, "DSC00033.JPG": 0.440130352973938, "DSC00076.JPG": 0.4273791015148163, "DSC00094.JPG": 0.7029944360256195, "DSC00100.JPG": 0.8857961371541023, "DSC00108.JPG": 0.9819165710359812, "DSC00109.JPG": 0.984795531257987, "DSC00118.JPG": 0.8246742933988571, "DSC00131.JPG": 0.8811739385128021, "DSC00132.JPG": 0.6066402792930603, "DSC00140.JPG": 0.9767860304564238, "DSC00146.JPG": 0.9462000168859959, "DSC00148.JPG": 0.5557242035865784, "DSC00149.JPG": 0.768672913312912, "DSC00160.JPG": 0.7312370538711548, "DSC00161.JPG": 0.9367367625236511, "DSC00167.JPG": 0.7271592915058136, "DSC00174.JPG": 0.8745127320289612, "DSC00191.JPG": 0.9674452468752861, "DSC00197.JPG": 0.9777211919426918, "DSC00200.JPG": 0.9159098863601685, "DSC00203.JPG": 1.0, "DSC00207.JPG": 0.949283242225647, "DSC00226.JPG": 0.9202948659658432, "DSC00238.JPG": 0.9577963426709175, "DSC00239.JPG": 0.9999989867210388, "DSC00271.JPG": 0.9129030704498291, "DSC00299.JPG": 0.9999893307685852, "DSC00301.JPG": 0.9837665501981974, "DSC00304.JPG": 0.9736362528055906, "DSC00307.JPG": 0.9754644054919481, "DSC00315.JPG": 0.9875107882544398, "DSC00327.JPG": 0.98174780420959, "DSC00330.JPG": 0.9999912977218628, "DSC00336.JPG": 0.4879671633243561, "DSC00337.JPG": 0.47352585196495056, "DSC00356.JPG": 0.9371309280395508, "DSC00531.JPG": 0.9673328585922718, "DSC00533.JPG": 0.952628817409277, "DSC00535.JPG": 0.9634250141680241, "DSC03026.JPG": 0.9804318267852068, "DSC03038.JPG": 0.9359006658196449, "DSC03039.JPG": 0.9763975366950035, "DSC03043.JPG": 0.9769352078437805, "DSC03048.JPG": 0.9811025764793158, "DSC03053.JPG": 0.8595481812953949, "DSC03054.JPG": 0.9852201342582703, "DSC03055.JPG": 0.6607646942138672, "DSC03056.JPG": 0.9488086104393005, "DSC03057.JPG": 0.9518932513892651, "DSC03060.JPG": 0.9995334148406982, "DSC03064.JPG": 0.993281900882721, "DSC03066.JPG": 0.9998891949653625, "DSC03073.JPG": 0.9113396778702736, "DSC03075.JPG": 0.9737637285143137, "DSC03079.JPG": 0.7367743849754333, "DSC03082.JPG": 1.0, "DSC03083.JPG": 0.6003307104110718, "DSC03085.JPG": 0.9455959834158421, "DSC03086.JPG": 0.7168852686882019, "DSC03087.JPG": 0.9280665814876556, "DSC03088.JPG": 0.9999983310699463, "DSC03094.JPG": 0.9291822761297226, "DSC03097.JPG": 0.8470059037208557, "DSC03101.JPG": 0.9382495693862438, "DSC03103.JPG": 0.9630001522600651, "DSC03106.JPG": 0.961348295211792, "DSC03110.JPG": 0.987751305103302, "DSC03111.JPG": 0.9628630876541138, "DSC03112.JPG": 0.9993286728858948, "DSC03115.JPG": 0.8614701926708221, "DSC03119.JPG": 0.918033204972744, "DSC03126.JPG": 0.8769670724868774, "DSC03128.JPG": 0.9761572200804949, "DSC03130.JPG": 0.9190866053104401, "DSC03137.JPG": 0.8712252378463745, "DSC03144.JPG": 0.9967441558837891, "DSC03146.JPG": 0.9660153985023499, "DSC03148.JPG": 0.977538738399744, "DSC03154.JPG": 0.9800742790102959, "DSC03169.JPG": 0.6665048897266388, "DSC03175.JPG": 0.9630818367004395, "DSC03178.JPG": 0.976591445505619, "DSC03179.JPG": 0.960775513201952, "DSC03194.JPG": 0.5914139151573181, "DSC03196.JPG": 0.9903191784396768, "DSC05360.JPG": 0.979389101266861, "DSC05361.JPG": 0.9467988982796669, "DSC05362.JPG": 0.9381670020520687, "DSC05366.JPG": 0.5540167689323425, "DSC05368.JPG": 0.9954433259554207, "DSC05372.JPG": 0.7647148370742798, "DSC06335.JPG": 0.9833199381828308, "DSC06337.JPG": 0.933977909386158, "DSC06340.JPG": 0.957961417734623, "DSC06347.JPG": 0.7961857914924622, "DSC06349.JPG": 0.9727861732244492, "DSC06355.JPG": 0.7896302491426468, "DSC06356.JPG": 0.9391780495643616, "DSC00027.JPG": 0.9746077172458172, "DSC00029.JPG": 0.9215337857604027, "DSC00030.JPG": 0.9215102270245552, "DSC00036.JPG": 0.9621186442673206, "DSC00037.JPG": 0.9310346767306328, "DSC00038.JPG": 0.9729195553809404, "DSC00039.JPG": 0.8546088635921478, "DSC00040.JPG": 0.9319740310311317, "DSC00047.JPG": 0.9832542836666107, "DSC00048.JPG": 0.9304048493504524, "DSC00049.JPG": 0.816015362739563, "DSC00077.JPG": 0.9188715890049934, "DSC00079.JPG": 0.8653651475906372, "DSC00080.JPG": 0.883727066218853, "DSC00081.JPG": 0.8361236602067947, "DSC00082.JPG": 0.9692176152020693, "DSC00085.JPG": 0.9691500328481197, "DSC00086.JPG": 0.9729779716581106, "DSC00092.JPG": 0.9741689041256905, "DSC00093.JPG": 0.9062357544898987, "DSC00095.JPG": 0.9498300589621067, "DSC00096.JPG": 0.9768746010959148, "DSC00099.JPG": 0.9411485083401203, "DSC00101.JPG": 0.9815292861312628, "DSC00119.JPG": 0.9517005607485771, "DSC00123.JPG": 0.9575060270726681, "DSC00130.JPG": 0.9854853134602308, "DSC00134.JPG": 0.9120041057467461, "DSC00136.JPG": 0.980490704998374, "DSC00150.JPG": 0.9487865343689919, "DSC00152.JPG": 0.7534455209970474, "DSC00155.JPG": 0.8980482220649719, "DSC00157.JPG": 0.8562541604042053, "DSC00158.JPG": 0.9384645596146584, "DSC00159.JPG": 0.9394571594893932, "DSC00162.JPG": 0.9716515392065048, "DSC00163.JPG": 0.9592197090387344, "DSC00165.JPG": 0.9301083907485008, "DSC00169.JPG": 0.7167375087738037, "DSC00177.JPG": 0.9841652549803257, "DSC00256.JPG": 0.9932098849676549, "DSC00264.JPG": 0.990661833435297, "DSC00266.JPG": 0.9867863217368722, "DSC00302.JPG": 0.9852178851142526, "DSC00347.JPG": 0.9884457774460316, "DSC00362.JPG": 0.9933913070708513, "DSC00474.JPG": 0.9587549455463886, "DSC00538.JPG": 0.9382753856480122, "DSC00543.JPG": 0.9809708055108786, "DSC00550.JPG": 0.9896886488422751, "DSC05287.JPG": 0.9890562016516924, "DSC05288.JPG": 0.9842637162655592, "DSC05289.JPG": 0.9881025366485119, "DSC05290.JPG": 0.9878092156723142, "DSC05296.JPG": 0.9979800500441343, "DSC05297.JPG": 0.982263570651412, "DSC05298.JPG": 0.977910378947854, "DSC05299.JPG": 0.9898407580330968, "DSC05300.JPG": 0.9916340382769704, "DSC05301.JPG": 0.9809335879981518, "DSC05302.JPG": 0.9678822457790375, "DSC05303.JPG": 0.9926199708133936, "DSC05304.JPG": 0.9868369782343507, "DSC05305.JPG": 0.9528350047767162, "DSC05310.JPG": 0.9592444002628326, "DSC05313.JPG": 0.8621743321418762, "DSC05315.JPG": 0.9725549723953009, "DSC05316.JPG": 0.8705164045095444, "DSC05317.JPG": 0.9816117081791162, "DSC05318.JPG": 0.9908853378146887, "DSC05320.JPG": 0.9674208238720894, "DSC05323.JPG": 0.9839128479361534, "DSC05331.JPG": 0.9895264813676476, "DSC05332.JPG": 0.9871805664151907, "DSC05335.JPG": 0.9860736094415188, "DSC05347.JPG": 0.9765420835465193, "DSC05349.JPG": 0.9886415153741837, "IMG_6576.Jpeg": 0.9883327083662152, "IMG_6588.Jpeg": 0.9749699421226978, "IMG_6590.Jpeg": 0.993841246701777, "IMG_6593.Jpeg": 0.9952666508033872, "IMG_6599 - Copy.Jpeg": 0.993212035857141, "IMG_6600 - Copy.Jpeg": 0.9939638543874025, "IMG_6604 - Copy.Jpeg": 0.9898952478542924, "IMG_6631 - Copy.Jpeg": 0.9116230756044388, "IMG_6632 - Copy.Jpeg": 0.9683693014085293, "IMG_6634 - Copy.Jpeg": 0.9356623962521553, "IMG_6645 - Copy.Jpeg": 0.68474480509758, "IMG_6657 - Copy.Jpeg": 0.8044523447751999, "IMG_6662 - Copy.Jpeg": 0.8507465273141861, "IMG_6663 - Copy.Jpeg": 0.9917711624875665, "IMG_6673 - Copy.Jpeg": 0.9268467873334885, "IMG_6682 - Copy.Jpeg": 0.8778585642576218, "IMG_6700 - Copy.Jpeg": 0.9905049093067646, "IMG_6705 - Copy.Jpeg": 0.9517109245061874, "IMG_6706 - Copy.Jpeg": 0.862614631652832, "IMG_6716 - Copy.Jpeg": 0.990440072491765, "IMG_6719 - Copy.Jpeg": 0.9885715702548623, "IMG_6727 - Copy.Jpeg": 0.8777150884270668, "IMG_6729 - Copy.Jpeg": 0.9793797638267279}
