{"DSC00031.JPG": 0.9083230271935463, "DSC00033.JPG": 0.9548201560974121, "DSC00076.JPG": 0.9989702234743163, "DSC00094.JPG": 0.9996588726644404, "DSC00100.JPG": 0.9999338576526497, "DSC00108.JPG": 0.9417037963867188, "DSC00109.JPG": 0.9886714722961187, "DSC00118.JPG": 0.9998200221161824, "DSC00131.JPG": 0.6542454957962036, "DSC00132.JPG": 0.997266051126644, "DSC00140.JPG": 0.997785611776635, "DSC00146.JPG": 0.8807772397994995, "DSC00148.JPG": 0.9971847392152995, "DSC00149.JPG": 0.9997386838949751, "DSC00160.JPG": 0.9992651249631308, "DSC00161.JPG": 0.9886504486203194, "DSC00167.JPG": 0.9001885652542114, "DSC00174.JPG": 0.8414693623781204, "DSC00191.JPG": 0.9944269075058401, "DSC00197.JPG": 0.9995182752609253, "DSC00200.JPG": 0.9999615776141582, "DSC00203.JPG": 0.9999874234199524, "DSC00207.JPG": 0.51844722032547, "DSC00226.JPG": 0.9974895119667053, "DSC00238.JPG": 0.9889356372877955, "DSC00239.JPG": 0.6601332724094391, "DSC00271.JPG": 0.996234595309943, "DSC00299.JPG": 0.9679798521101475, "DSC00301.JPG": 0.9996095394599251, "DSC00304.JPG": 0.9993956089019775, "DSC00307.JPG": 0.9459603987634182, "DSC00315.JPG": 0.7180986702442169, "DSC00327.JPG": 0.9992260613944381, "DSC00330.JPG": 0.9933491759002209, "DSC00336.JPG": 0.9996552084339783, "DSC00337.JPG": 0.999796792268171, "DSC00356.JPG": 0.8101789653301239, "DSC00531.JPG": 0.9996872852207161, "DSC00533.JPG": 0.9776629973202944, "DSC00535.JPG": 0.9999625854943588, "DSC03026.JPG": 0.9737424980849028, "DSC03038.JPG": 0.967713326215744, "DSC03039.JPG": 0.9759331177920103, "DSC03043.JPG": 0.9987193130655214, "DSC03048.JPG": 0.9996638967422768, "DSC03053.JPG": 0.9980941655812785, "DSC03054.JPG": 0.9798544831573963, "DSC03055.JPG": 0.914960689842701, "DSC03056.JPG": 0.9616160839796066, "DSC03057.JPG": 0.9981260615168139, "DSC03060.JPG": 0.9995527353312355, "DSC03064.JPG": 0.9987236262531951, "DSC03066.JPG": 0.9999933877966214, "DSC03073.JPG": 0.9998506025731331, "DSC03075.JPG": 0.9988393747480586, "DSC03079.JPG": 0.9976709624752402, "DSC03082.JPG": 0.9999392263198388, "DSC03083.JPG": 0.9619479961693287, "DSC03085.JPG": 0.9986182504799217, "DSC03086.JPG": 0.9995539032970555, "DSC03087.JPG": 0.9735256135463715, "DSC03088.JPG": 0.9666884541511536, "DSC03094.JPG": 0.9999901056289673, "DSC03097.JPG": 0.6086384654045105, "DSC03101.JPG": 0.9907088363543153, "DSC03103.JPG": 0.9978948556818068, "DSC03106.JPG": 0.9991924320929684, "DSC03110.JPG": 0.9976227495353669, "DSC03111.JPG": 0.7379671335220337, "DSC03112.JPG": 0.7425914406776428, "DSC03115.JPG": 0.9925282429903746, "DSC03119.JPG": 0.9995876204047818, "DSC03126.JPG": 0.9886439079418778, "DSC03128.JPG": 0.5989693999290466, "DSC03130.JPG": 0.9974348177202046, "DSC03137.JPG": 0.9935108423233032, "DSC03144.JPG": 0.9985904323402792, "DSC03146.JPG": 0.6796079874038696, "DSC03148.JPG": 0.9998914055759087, "DSC03154.JPG": 0.9468921907246113, "DSC03169.JPG": 0.9990113297244534, "DSC03175.JPG": 0.9992910852888599, "DSC03178.JPG": 0.9995433544390835, "DSC03179.JPG": 0.9966684579849243, "DSC03194.JPG": 0.9998698050330859, "DSC03196.JPG": 0.9825037717819214, "DSC05360.JPG": 0.8839732930064201, "DSC05361.JPG": 0.9747315086424351, "DSC05362.JPG": 0.9015915989875793, "DSC05366.JPG": 0.9999911158447503, "DSC05368.JPG": 0.9892542939633131, "DSC05372.JPG": 0.9999558502713626, "DSC06335.JPG": 0.999594056425849, "DSC06337.JPG": 0.9919151086360216, "DSC06340.JPG": 0.9982100699562579, "DSC06347.JPG": 0.9999245957078529, "DSC06349.JPG": 0.9998433300061151, "DSC06355.JPG": 0.9994944935897365, "DSC06356.JPG": 0.99950681545306, "DSC00027.JPG": 0.9750399813055992, "DSC00029.JPG": 0.9960069763474166, "DSC00030.JPG": 0.9955234695225954, "DSC00036.JPG": 0.9886026605963707, "DSC00037.JPG": 0.9423674643039703, "DSC00038.JPG": 0.9772176742553711, "DSC00039.JPG": 0.9989467889536172, "DSC00040.JPG": 0.9996513201331254, "DSC00047.JPG": 0.9961703405715525, "DSC00048.JPG": 0.997835332993418, "DSC00049.JPG": 0.9993774577742442, "DSC00077.JPG": 0.9985149629646912, "DSC00079.JPG": 0.9999342695591622, "DSC00080.JPG": 0.9988271909533069, "DSC00081.JPG": 0.9999870796837058, "DSC00082.JPG": 0.9999978039281814, "DSC00085.JPG": 0.9948931555263698, "DSC00086.JPG": 0.9967826837673783, "DSC00092.JPG": 0.9999833404308447, "DSC00093.JPG": 0.9996291250863578, "DSC00095.JPG": 0.9961827707011253, "DSC00096.JPG": 0.9940556860528886, "DSC00099.JPG": 0.9998110217275098, "DSC00101.JPG": 0.9973418696317822, "DSC00119.JPG": 0.9996766442782246, "DSC00123.JPG": 0.9983954518102109, "DSC00130.JPG": 0.9997803547012154, "DSC00134.JPG": 0.9996470727201086, "DSC00136.JPG": 0.9980606563622132, "DSC00150.JPG": 0.9998477182962233, "DSC00152.JPG": 0.992381137330085, "DSC00155.JPG": 0.9997668134601554, "DSC00157.JPG": 0.9999643364026269, "DSC00158.JPG": 0.9999518844197155, "DSC00159.JPG": 0.9952147123403847, "DSC00162.JPG": 0.9995959926745854, "DSC00163.JPG": 0.9998576786456397, "DSC00165.JPG": 0.9995960822561756, "DSC00169.JPG": 0.9832768086344004, "DSC00177.JPG": 0.9999982561171237, "DSC00256.JPG": 0.9999926435261841, "DSC00264.JPG": 0.9998286359477788, "DSC00266.JPG": 0.9993485737941228, "DSC00302.JPG": 0.9999804573672009, "DSC00347.JPG": 0.9778116121888161, "DSC00362.JPG": 0.9977701168972999, "DSC00474.JPG": 0.9999797276705067, "DSC00538.JPG": 0.9998310683149612, "DSC00543.JPG": 0.9772176276892424, "DSC00550.JPG": 0.9997627056873171, "DSC05287.JPG": 0.9947361047379673, "DSC05288.JPG": 0.9836885575205088, "DSC05289.JPG": 0.9930330980569124, "DSC05290.JPG": 0.9280397742986679, "DSC05296.JPG": 0.9578882530331612, "DSC05297.JPG": 0.9900601329281926, "DSC05298.JPG": 0.9779976587742567, "DSC05299.JPG": 0.880083255469799, "DSC05300.JPG": 0.9779024384915829, "DSC05301.JPG": 0.9999358020359068, "DSC05302.JPG": 0.9845014093443751, "DSC05303.JPG": 0.9996343554230407, "DSC05304.JPG": 0.9929657750762999, "DSC05305.JPG": 0.9993825713754632, "DSC05310.JPG": 0.9999469941685675, "DSC05313.JPG": 0.9999983056519568, "DSC05315.JPG": 0.9999054331929074, "DSC05316.JPG": 0.9991455351701006, "DSC05317.JPG": 0.9999946466009533, "DSC05318.JPG": 0.9989481758093461, "DSC05320.JPG": 0.9979300845880061, "DSC05323.JPG": 0.9955401285551488, "DSC05331.JPG": 0.9823233410716057, "DSC05332.JPG": 0.8906117752194405, "DSC05335.JPG": 0.9987004667054862, "DSC05347.JPG": 0.9982546244282275, "DSC05349.JPG": 0.9930719076655805, "IMG_6576.Jpeg": 0.9955772943794727, "IMG_6588.Jpeg": 0.7094154059886932, "IMG_6590.Jpeg": 0.8436847925186157, "IMG_6593.Jpeg": 0.6755064725875854, "IMG_6599 - Copy.Jpeg": 0.9790451526641846, "IMG_6600 - Copy.Jpeg": 0.6340569853782654, "IMG_6604 - Copy.Jpeg": 0.8391417413949966, "IMG_6631 - Copy.Jpeg": 0.8554049879312515, "IMG_6632 - Copy.Jpeg": 0.9950986891053617, "IMG_6634 - Copy.Jpeg": 0.9996678900206462, "IMG_6645 - Copy.Jpeg": 0.9999157500715228, "IMG_6657 - Copy.Jpeg": 0.9998449724080274, "IMG_6662 - Copy.Jpeg": 0.9966354265343398, "IMG_6663 - Copy.Jpeg": 0.9519996233284473, "IMG_6673 - Copy.Jpeg": 0.9992202646681108, "IMG_6682 - Copy.Jpeg": 0.9991526554804295, "IMG_6700 - Copy.Jpeg": 0.9480287171900272, "IMG_6705 - Copy.Jpeg": 0.9997629899298772, "IMG_6706 - Copy.Jpeg": 0.9945565080270171, "IMG_6716 - Copy.Jpeg": 0.9933091490529478, "IMG_6719 - Copy.Jpeg": 0.9457874335348606, "IMG_6727 - Copy.Jpeg": 0.7594478279352188, "IMG_6729 - Copy.Jpeg": 0.994125047698617}